{"stats":{"minecraft:dropped":{"minecraft:spawner":1,"minecraft:spruce_sign":1,"minecraft:bread":2,"minecraft:potato":3,"minecraft:zombie_spawn_egg":1,"minecraft:obsidian":64,"minecraft:chest":3,"minecraft:cobblestone":1,"minecraft:rotten_flesh":2,"minecraft:stone_bricks":64,"minecraft:spruce_log":4,"minecraft:end_stone":2,"minecraft:stone_brick_stairs":64,"minecraft:pumpkin_seeds":5,"minecraft:netherrack":64,"minecraft:spruce_sapling":1,"minecraft:gold_block":1},"minecraft:custom":{"minecraft:time_since_rest":39618,"minecraft:sprint_one_cm":9219,"minecraft:walk_one_cm":60298,"minecraft:drop":20,"minecraft:damage_dealt":86,"minecraft:swim_one_cm":139,"minecraft:fly_one_cm":333557,"minecraft:open_chest":27,"minecraft:crouch_one_cm":7596,"minecraft:play_time":39618,"minecraft:sneak_time":3382,"minecraft:walk_under_water_one_cm":50650,"minecraft:jump":131,"minecraft:leave_game":6,"minecraft:walk_on_water_one_cm":3705,"minecraft:time_since_death":39615,"minecraft:total_world_time":45979},"minecraft:used":{"minecraft:ender_eye":12,"minecraft:lava_bucket":2,"minecraft:spawner":2,"minecraft:spruce_planks":3,"minecraft:chest":3,"minecraft:zombie_spawn_egg":11,"minecraft:stone_bricks":2,"minecraft:stone_brick_stairs":20,"minecraft:netherrack":45,"minecraft:cobblestone":157,"minecraft:bucket":1,"minecraft:gold_block":2,"minecraft:end_portal_frame":15,"minecraft:end_stone":46,"minecraft:spruce_log":11,"minecraft:obsidian":14},"minecraft:picked_up":{"minecraft:end_stone":2,"minecraft:rotten_flesh":2}},"DataVersion":3117}